{
    "epoch": 2.996923076923077,
    "total_flos": 2.8812204243124224e+17,
    "train_loss": 0.7941435070416439,
    "train_runtime": 5320.2999,
    "train_samples_per_second": 1.1,
    "train_steps_per_second": 0.275
}